tipo,simbolo_actinver,simbolo_datos,last_market_date,close,return_20d_pct,return_60d_pct,rsi_14,macd,macd_signal,sma_20,sma_50,annual_volatility_pct,trailing_drawdown_pct,volume_5d_vs_20d,heuristic_score,research_score,risk_label,history_days
ETFs,EWZ,EWZ,2026-10-09,43.375,13.57686,22.77101,75.74964,1.53637,0.93983,38.76225,37.0343,33.89668,-19.26672,1.94392,100.0,84.3,lower,754
ACCIONES,ABBV,ABBV,2026-10-09,276.185,7.41483,8.56755,71.00244,3.44062,2.49974,265.29275,258.8873,20.11679,-17.31523,1.15453,94.83017,83.3,lower,754
ETFs,VGT,VGT,2026-10-09,128.02499,5.86772,12.19717,61.86458,2.21573,2.09809,125.16017,121.81793,22.79224,-16.39954,1.00913,94.46737,82.99,lower,754
ETFs,SPYM,SPYM,2026-10-09,91.6671,2.17019,4.00966,60.57973,0.43507,0.30437,90.34536,90.18478,11.00158,-8.90097,1.32614,88.6739,81.5,lower,754
ETFs,XLV,XLV,2026-10-09,170.81,3.69117,5.97262,57.58653,0.13753,0.11025,168.5238,168.46596,16.32236,-10.4699,0.95629,90.44798,80.19,lower,754
ETFs,QQQ,QQQ,2026-10-09,751.27002,5.19987,6.53212,61.04163,9.75736,8.91406,737.35638,724.00227,18.22405,-11.96436,0.84065,91.99032,79.79,lower,754
ETFs,XLK,XLK,2026-10-09,198.92,6.11826,12.18574,61.51022,3.62042,3.45472,194.46932,188.89986,24.8453,-15.9227,0.87468,94.50803,79.5,lower,754
ETFs,XLE,XLE,2026-10-09,65.19,0.67162,15.00788,63.30061,0.45694,0.25579,63.21349,62.41271,20.95409,-14.97626,0.89787,90.57936,76.39,lower,754
ETFs,SPY,SPY,2026-10-09,778.79999,2.15153,3.99802,60.64914,3.68184,2.56507,767.61262,766.28825,11.07994,-8.88496,0.74897,88.64274,75.17,lower,754
ETFs,IVV,IVV,2026-10-09,782.29999,2.167,3.99524,60.67816,3.70913,2.58928,770.99185,769.62038,11.07516,-8.88503,0.61277,88.65758,74.1,lower,754
ETFs,VOO,VOO,2026-10-09,715.88,2.15793,3.9964,60.63055,3.3942,2.37126,705.5634,704.3268,11.04574,-8.90046,0.53654,88.65192,74.1,lower,754
ACCIONES,XOM,XOM,2026-10-09,168.78,1.68082,16.39114,64.01421,1.55069,1.07921,163.488,161.34443,23.82685,-20.11226,0.75707,91.85459,73.87,lower,754
ACCIONES,NVDA,NVDA,2026-10-09,229.52499,5.14682,10.79162,53.32755,4.00808,3.8739,226.74625,221.94521,36.76736,-20.21439,0.90552,91.78674,73.76,moderate,754
ACCIONES,MSFT,MSFT,2026-10-09,536.65997,8.27835,34.04893,68.13806,10.8208,9.22955,510.179,500.2203,40.08782,-34.4984,0.87315,100.0,73.7,moderate,754
ACCIONES,PG,PG,2026-10-09,151.185,4.07172,0.53703,62.07937,0.87203,0.42754,147.13975,145.9135,15.9013,-21.15356,1.11771,88.69641,73.39,lower,754
ACCIONES,NVAX,NVAX,2026-10-09,12.985,37.84501,57.58495,69.25355,0.63492,0.52256,10.69425,9.5351,75.25706,-70.33858,1.99025,100.0,73.21,high,754
ACCIONES,PFE,PFE,2026-10-09,28.1799,1.65909,14.05281,54.65928,0.09233,0.16832,27.98749,27.6162,18.64625,-17.46419,0.89832,67.41559,72.93,lower,754
ACCIONES,GME,GME,2026-10-09,26.5403,25.48606,21.07801,72.42987,1.33138,1.23522,23.87152,20.87841,43.21927,-63.34359,1.02214,100.0,72.64,moderate,754
ACCIONES,TWLO,TWLO,2026-10-09,291.4375,28.18891,40.99541,59.97328,13.05765,14.84963,275.36737,246.42495,73.76409,-28.39232,1.9914,81.62359,72.61,high,754
ACCIONES,PLTR,PLTR,2026-10-09,207.56,24.11649,54.38857,75.54182,7.03144,5.92279,186.922,176.9498,76.9575,-48.22377,1.00978,100.0,72.54,high,754
ETFs,VTI,VTI,2026-10-09,382.17999,1.81619,3.3905,59.02969,1.36713,0.82589,377.14673,377.45922,11.21215,-8.91821,0.91056,64.05117,71.26,lower,754
ETFs,SHV,SHV,2026-10-09,110.1699,0.28988,0.85379,95.54376,0.10561,0.10036,109.98981,109.786,0.20226,-0.02721,0.76511,76.61117,70.39,lower,754
ETFs,ACWI,ACWI,2026-10-09,160.92999,0.42433,2.92274,53.16274,0.18494,0.12191,160.0075,160.364,11.80898,-9.72754,1.06238,62.41253,69.93,lower,754
ETFs,BIL,BIL,2026-10-09,91.51,0.29878,0.87351,95.41626,0.09292,0.09055,91.36018,91.17036,0.19425,-0.01096,0.65129,76.62876,69.87,lower,754
ACCIONES,SHOP N,SHOP,2026-10-09,169.81,31.8503,35.78282,72.26524,7.14998,4.32116,146.611,144.7946,64.94473,-46.70689,0.77573,100.0,69.77,high,754
ACCIONES,CLF,CLF,2026-10-09,12.97,7.5456,36.09654,60.76827,0.10077,0.024,12.035,11.9566,65.22273,-65.74682,1.03767,99.02333,69.71,high,754
ACCIONES,MA,MA,2026-10-09,587.59497,3.23354,6.53715,64.21711,0.64564,-1.80881,565.63775,572.0779,19.28583,-20.91385,0.80517,65.91981,69.39,lower,754
ACCIONES,KO,KO,2026-10-09,88.37,0.68787,4.68361,56.69241,-0.17169,-0.21098,87.3965,87.66271,19.40428,-8.85722,0.90121,62.62088,69.21,lower,754
ACCIONES,V,V,2026-10-09,385.10001,3.95465,5.66233,67.36567,1.45707,-0.27835,368.7515,369.62791,18.55809,-20.37769,0.72302,66.36377,68.67,lower,754
ACCIONES,TSM N,TSM,2026-10-09,451.48001,4.48971,10.48256,51.6133,10.93862,11.29901,450.27073,431.7157,34.04777,-21.54658,0.94718,67.27795,68.59,lower,754
ACCIONES,CVX,CVX,2026-10-09,211.83,-1.04176,16.21814,59.60393,1.17439,1.06352,207.779,203.82983,23.34916,-20.81099,0.61413,89.11058,68.3,lower,754
ACCIONES,CSCO,CSCO,2026-10-09,118.15,5.77725,8.15979,64.87414,1.53799,0.21849,110.16134,111.93283,32.98291,-17.8245,0.79785,67.74288,68.1,lower,754
ACCIONES,FCX,FCX,2026-10-09,73.785,3.82018,25.99898,56.38675,0.19946,0.13381,71.49225,71.5667,44.1372,-28.043,1.00326,71.80605,67.63,moderate,754
ACCIONES,MRNA,MRNA,2026-10-09,221.89999,54.12933,251.38557,71.36461,18.73943,18.95746,182.8905,138.1965,373.30223,-86.57944,1.3055,74.0,67.25,high,754
ACCIONES,AMD,AMD,2026-10-09,611.06,18.39265,21.98267,58.1015,31.15624,33.2357,598.221,528.9802,63.18203,-27.76075,0.82152,79.47487,67.09,high,754
ACCIONES,BRKB,BRK-B,2026-10-09,515.59003,1.02279,4.55671,62.66928,0.6448,-0.30945,507.152,507.7676,13.5524,-13.78288,0.75574,63.49024,66.77,lower,754
ACCIONES,NU N,NU,2026-10-09,15.88,8.61833,15.15591,64.68688,0.26425,-0.04522,14.0265,14.3694,53.1339,-38.16631,1.17403,71.36731,66.76,moderate,754
ACCIONES,TMO,TMO,2026-10-09,659.34998,8.20494,21.47781,54.95479,11.15595,14.76587,659.8005,626.14775,30.53714,-31.3827,0.85622,51.74236,66.07,lower,754
ETFs,VT,VT,2026-10-09,159.905,0.23496,2.68096,52.57949,0.07143,0.01081,159.0991,159.66973,11.73302,-9.6735,0.72092,62.13404,64.35,lower,754
ACCIONES,COST,COST,2026-10-09,945.59003,4.51164,0.16111,61.58017,4.26731,-1.35984,915.674,931.4004,17.0238,-20.74249,0.74853,64.87371,63.76,lower,754
ACCIONES,DIS,DIS,2026-10-09,107.935,1.29985,8.24892,59.00638,0.14496,-0.1249,105.00025,105.1433,26.25123,-24.96952,0.89947,63.9743,63.54,lower,754
ETFs,SHY,SHY,2026-10-09,81.2,0.08813,-0.07816,54.45774,-0.02672,-0.06593,81.03879,81.27163,1.41674,-0.9109,0.71513,61.91519,62.66,lower,754
ETFs,VYM,VYM,2026-10-09,158.78,-1.99987,-0.73869,49.52531,-1.01119,-1.3279,157.98828,161.42319,8.53653,-6.69438,0.86349,58.851,62.63,lower,754
ETFs,DIA,DIA,2026-10-09,516.58002,-1.52519,-1.23523,49.1965,-3.22858,-3.77787,514.68642,524.98215,11.88301,-9.75753,0.97474,58.79242,62.54,lower,754
ACCIONES,LLY,LLY,2026-10-09,1174.39001,5.26038,0.5904,52.94467,0.45148,-2.02227,1161.07299,1173.53362,29.41918,-23.18226,0.92041,64.55462,62.19,lower,754
ACCIONES,AAPL,AAPL,2026-10-09,337.53,1.58305,1.36863,57.2598,3.50772,3.89734,335.4335,322.37437,25.90686,-13.79852,0.86296,61.53982,61.38,lower,754
ACCIONES,MRK,MRK,2026-10-09,146.17,2.15578,15.20239,53.12046,-0.18065,0.4914,145.809,142.95285,34.36826,-35.23055,0.76615,66.79991,61.29,lower,754
ETFs,SOXX,SOXX,2026-10-09,559.44,6.21089,5.52418,51.7208,12.60703,13.20646,556.66726,537.15429,43.61381,-29.00872,0.85168,66.05918,61.24,moderate,754
ETFs,BOTZ,BOTZ,2026-10-09,35.4801,0.56718,-0.14044,49.28986,-0.02706,-0.0552,35.37426,35.9177,22.96983,-19.33938,0.96957,60.21402,59.97,lower,754
ACCIONES,AMZN,AMZN,2026-10-09,261.20001,1.72132,4.526,58.01492,0.27727,-1.07862,251.958,259.071,42.21423,-21.73622,0.93719,61.3103,58.85,moderate,754
ETFs,EEM,EEM,2026-10-09,66.705,-1.67305,3.91805,47.23997,0.04732,0.19243,67.26625,66.8703,22.50644,-14.23957,0.96858,35.64353,57.83,lower,754
ACCIONES,MU,MU,2026-10-09,1028.625,5.47187,20.56083,50.14838,22.32941,28.67658,1038.23625,976.1787,73.38894,-39.09542,0.90922,44.35731,57.05,high,754
ACCIONES,GOOGL,GOOGL,2026-10-09,351.41501,3.81536,-0.79532,56.19337,1.26762,0.36399,345.90975,346.13393,32.72067,-21.0472,0.76822,62.22517,56.63,lower,754
ACCIONES,DVN,DVN,2026-10-09,48.345,-3.1294,13.07949,53.45065,0.17203,0.14011,48.01725,47.17159,33.37954,-39.01447,0.63101,84.76444,56.5,lower,754
ACCIONES,ZM,ZM,2026-10-09,97.495,2.01423,4.9236,58.69956,-0.28338,-1.22481,92.1485,97.607,41.41849,-25.92063,0.79771,61.84182,56.31,moderate,754
ETFs,VWO,VWO,2026-10-09,59.695,-0.89675,1.64651,48.18202,-0.09753,-0.05749,59.84761,60.07036,14.52205,-11.1676,0.96915,12.30965,55.76,lower,754
ACCIONES,WMT,WMT,2026-10-09,111.195,3.77508,-3.03505,60.66344,0.14863,-0.38573,107.60025,108.42216,27.93809,-23.34151,0.79942,61.76725,55.1,lower,754
ACCIONES,TSLA,TSLA,2026-10-09,384.11801,5.1111,-1.77517,60.38271,5.18402,4.02341,368.7304,354.77336,49.68395,-39.10345,0.88022,85.43264,54.7,moderate,754
ACCIONES,META,META,2026-10-09,718.95001,11.03149,8.27301,56.93305,25.16481,30.93098,719.06463,639.40543,45.88537,-33.29688,0.61622,47.75215,54.64,moderate,754
ACCIONES,AFRM,AFRM,2026-10-09,80.425,12.57699,0.73272,66.11567,0.96145,-0.23343,72.09975,73.7737,51.21824,-53.86201,0.95513,69.74825,54.07,moderate,754
ACCIONES,JNJ,JNJ,2026-10-09,259.995,-2.10294,4.52345,44.66315,-2.64295,-1.4589,264.61625,264.86714,19.66631,-10.95912,0.90015,11.73981,53.79,lower,754
ETFs,MCHI,MCHI,2026-10-09,52.5,-0.86858,-3.02918,47.34398,-0.57192,-0.57619,52.566,54.0416,16.33643,-23.21892,1.16055,34.28611,53.7,lower,754
ETFs,XLF,XLF,2026-10-09,54.755,-4.01958,-3.17394,46.67852,-0.6909,-0.76415,54.7171,56.39212,12.28284,-14.79475,0.79546,55.48256,52.96,lower,754
ACCIONES,GM,GM,2026-10-09,82.52,-3.62066,6.39558,50.07284,-0.98316,-1.19783,82.185,84.7353,34.71034,-15.99745,0.71911,57.46654,52.9,lower,754
ETFs,AAXJ,AAXJ,2026-10-09,115.58,-1.75946,3.83614,46.19646,0.05218,0.39826,116.979,116.1552,23.11458,-14.94243,0.72745,35.46354,52.73,lower,754
ETFs,LIT,LIT,2026-10-09,69.665,-2.5528,1.16904,45.22546,-0.85545,-1.03992,69.64775,72.3979,24.10685,-26.84251,0.81132,57.50413,52.16,lower,754
ETFs,VEA,VEA,2026-10-09,70.3158,-3.02695,0.65644,42.53216,-0.4821,-0.36715,71.18843,72.05758,14.74275,-11.62629,1.0575,9.76135,51.59,lower,754
ACCIONES,ROKU,ROKU,2026-10-09,153.16,-1.14244,6.49423,49.21583,-0.30618,-0.2513,153.54475,154.0966,13.94368,-27.68573,0.74024,14.06088,51.19,lower,754
ACCIONES,RCL,RCL,2026-10-09,280.72501,8.55431,-3.93155,59.4044,3.38627,-1.72597,258.5932,277.79516,37.14903,-35.59218,0.63814,65.26679,50.48,moderate,754
ETFs,VNQ,VNQ,2026-10-09,90.665,-3.53233,-8.61262,43.26789,-1.45898,-1.54842,91.06169,94.41551,11.80619,-11.38264,1.0093,29.842,49.9,lower,754
ACCIONES,LUV,LUV,2026-10-09,41.42,5.55555,-15.81226,49.60525,0.1787,0.1204,41.375,41.76638,33.71696,-33.49131,0.97948,57.85895,49.53,lower,754
ACCIONES,UNH,UNH,2026-10-09,382.04999,1.40139,-9.20627,52.19501,-3.60746,-5.06381,375.054,387.77004,22.19668,-57.05911,1.16321,57.49921,49.2,lower,754
ACCIONES,INTC,INTC,2026-10-09,105.27,2.26345,8.54815,43.99436,2.3365,4.35188,113.8545,103.092,69.87445,-41.90436,0.81108,36.69526,48.5,high,754
ACCIONES,TGT,TGT,2026-10-09,154.0,-1.17436,10.67829,46.16675,-0.82226,-0.24332,156.182,156.6044,27.89438,-49.77937,1.03766,14.30752,48.14,lower,754
ETFs,KWEB,KWEB,2026-10-09,24.89,1.17886,-9.42504,50.06724,-0.34541,-0.42337,24.571,25.9072,24.38324,-41.61711,1.01821,56.97052,48.12,lower,754
ACCIONES,ABNB,ABNB,2026-10-09,165.765,-2.60004,12.15494,51.70253,-2.2058,-3.11507,161.81975,171.0341,49.35244,-33.6782,0.62662,59.32669,48.06,moderate,754
ACCIONES,AVGO,AVGO,2026-10-09,361.98999,0.18209,-3.15152,50.4409,-0.31584,-2.82111,355.11142,371.39713,37.64018,-29.43768,0.91843,57.15747,47.26,moderate,754
ACCIONES,PINS,PINS,2026-10-09,21.4633,12.66825,-7.04504,62.62263,-0.06595,-0.47838,19.23917,21.23287,48.32141,-65.7181,0.84866,67.01809,46.85,moderate,754
ACCIONES,PYPL,PYPL,2026-10-09,55.45,3.2204,-2.01487,55.66421,-0.09067,-0.46704,53.628,56.19269,37.84654,-57.33542,0.81724,60.6298,46.46,moderate,754
ACCIONES,MELI N,MELI,2026-10-09,1881.27002,-0.84854,1.28404,56.82273,-6.77198,-23.72776,1800.5675,1862.19159,39.60945,-40.81756,0.78344,57.70413,46.07,moderate,754
ACCIONES,BABA N,BABA,2026-10-09,111.09,1.63769,-5.44727,50.5518,-1.74975,-2.02609,109.602,116.2784,39.63591,-49.46618,1.03946,57.49519,45.87,moderate,754
ACCIONES,WFC,WFC,2026-10-09,83.795,-7.19349,-4.30785,50.70899,-1.33906,-1.46269,83.31525,85.70832,23.14669,-23.0183,0.93967,50.7687,45.85,lower,754
ACCIONES,DAL,DAL,2026-10-09,81.545,2.04604,-5.94579,46.21316,0.1802,0.19465,82.27275,83.6333,30.26221,-22.89658,1.02769,10.64151,44.95,lower,754
ACCIONES,UBER,UBER,2026-10-09,71.26,-0.57206,-3.75473,52.02186,-0.99705,-1.32794,69.796,73.075,35.42384,-34.12587,0.85311,56.38367,44.69,moderate,754
ETFs,GLD,GLD,2026-10-09,384.63,-3.5459,5.38964,45.89377,-5.29133,-4.76876,388.009,397.0288,24.24775,-26.40452,0.83894,10.18518,44.57,lower,754
ACCIONES,ETSY,ETSY,2026-10-09,76.33,4.90654,-8.56493,56.63614,-0.9166,-1.71633,72.357,77.2934,42.44013,-49.38527,0.82268,59.23656,44.37,moderate,754
ETFs,USO,USO,2026-10-09,147.53,-4.75791,23.66303,52.55515,1.27676,2.34712,149.532,139.1508,50.06292,-32.48562,0.62608,37.70102,43.45,moderate,754
ETFs,IAU,IAU,2026-10-09,78.875,-3.46959,5.44786,45.93984,-1.07799,-0.97201,79.55325,81.3917,24.12373,-26.3562,0.6923,10.29718,43.16,lower,754
ACCIONES,AMAT,AMAT,2026-10-09,507.26001,11.12183,-9.47133,54.65643,13.05166,9.17826,484.129,489.79004,62.41952,-42.48628,0.70803,63.09134,42.86,high,754
ETFs,TLT,TLT,2026-10-09,77.905,-3.2784,-6.38311,36.49316,-1.0568,-1.0039,79.06257,80.65225,10.17948,-16.58802,0.76802,7.15041,42.21,lower,754
ACCIONES,FANG,FANG,2026-10-09,192.2,-6.23018,1.64544,51.5296,-2.81872,-3.52527,189.839,196.40073,34.78578,-32.38995,0.67023,52.94942,40.61,lower,754
ETFs,INDA,INDA,2026-10-09,46.005,-5.28103,-5.51447,33.59545,-0.77418,-0.67102,47.21675,48.7039,12.82343,-22.72197,0.91739,5.23083,40.59,lower,754
ACCIONES,PEP,PEP,2026-10-09,125.92,-7.62911,-8.72467,37.27512,-2.81917,-2.83311,129.104,134.77244,18.7433,-25.83636,1.21173,25.00669,40.3,lower,754
ACCIONES,XYZ,XYZ,2026-10-09,76.91,-2.90367,-5.65505,49.94991,-0.97714,-1.2568,76.035,79.1576,37.06904,-50.37404,1.00494,53.12741,39.67,moderate,754
ETFs,QCLN,QCLN,2026-10-09,48.34,-2.3237,-7.37689,45.9107,-0.16046,-0.25547,48.6575,49.8208,35.0427,-32.11626,1.38203,29.22127,39.45,moderate,754
ACCIONES,SPCE,SPCE,2026-10-09,2.835,-2.91096,9.45946,39.24445,-0.02103,0.00808,3.07025,3.0423,56.10028,-95.98148,0.81737,33.2628,39.05,moderate,754
ACCIONES,JPM,JPM,2026-10-09,332.8399,-6.09987,-2.52064,39.79275,-5.22876,-4.99165,338.00277,348.5346,17.17962,-15.47174,0.68919,5.17391,38.92,lower,754
ETFs,ICLN,ICLN,2026-10-09,17.25,-3.73884,-5.99455,47.21221,-0.14411,-0.17423,17.311,17.6464,25.57759,-29.03108,0.89569,29.30558,38.41,lower,754
ETFs,SLV,SLV,2026-10-09,54.995,-5.37681,9.13872,44.00174,-1.16152,-0.8913,56.60725,57.9477,37.66636,-52.2822,0.93663,8.51204,37.81,moderate,754
ACCIONES,ORCL,ORCL,2026-10-09,141.99001,-5.51637,14.31447,48.77879,-1.71487,-1.72223,142.1005,145.7588,53.78698,-64.57813,0.75303,32.83073,37.53,moderate,754
ACCIONES,GE,GE,2026-10-09,308.21991,-4.62566,-10.71397,38.78521,-7.47025,-7.71316,313.32562,336.23195,27.61586,-20.85149,0.90027,26.32717,37.33,lower,754
ACCIONES,AXP,AXP,2026-10-09,307.92001,-5.16492,-14.83807,42.24661,-5.48849,-6.60968,308.604,324.6866,21.30841,-23.89533,0.87462,24.76901,36.96,lower,754
ACCIONES,CRM,CRM,2026-10-09,229.14,-7.33767,32.92977,48.15143,-0.59197,1.55286,235.71877,224.77375,61.16194,-58.66959,0.53219,36.54613,36.93,high,754
ACCIONES,C,C,2026-10-09,129.58501,-6.6525,-1.11317,44.56192,-1.70085,-1.4544,131.23725,133.6151,24.3642,-14.76125,0.72664,4.46581,36.33,lower,754
ETFs,GDX,GDX,2026-10-09,89.28,-8.05355,25.04201,46.72686,-1.86703,-1.38462,90.9945,92.67,47.32792,-38.93301,0.76678,11.23046,36.33,moderate,754
ACCIONES,SBUX,SBUX,2026-10-09,91.45,-7.38303,-15.12842,30.27682,-2.24691,-2.29302,95.059,101.15506,19.9269,-31.32399,1.41465,22.57291,35.99,lower,754
ACCIONES,BMY,BMY,2026-10-09,59.095,-6.18002,-1.327,35.61498,-1.14206,-0.91106,61.36159,63.53403,22.85419,-29.91708,0.88459,5.00376,35.94,lower,754
ACCIONES,MCD,MCD,2026-10-09,236.10001,-6.50615,-13.04828,38.0244,-6.40301,-7.04249,239.8615,254.82842,20.25094,-30.97819,0.9333,24.24944,35.01,lower,754
ACCIONES,FDX,FDX,2026-10-09,290.95499,-6.3761,-8.20328,41.27854,-6.34083,-7.36947,293.51125,310.47815,24.25144,-26.31121,0.76057,25.91745,34.42,lower,754
ACCIONES,T,T,2026-10-09,22.175,-14.90791,0.88717,25.95769,-0.39322,-0.16938,24.95625,24.9631,33.29805,-28.88541,1.28996,0.0,34.21,lower,754
ACCIONES,CAT,CAT,2026-10-09,802.95502,-1.90759,-8.29092,45.31643,-0.01177,0.28719,813.74375,822.0451,35.05001,-26.69684,0.95032,5.27104,34.18,moderate,754
ACCIONES,QCOM,QCOM,2026-10-09,173.92,-4.42381,2.49491,43.19951,0.50649,2.97667,185.832,172.65918,45.27622,-43.19755,0.6308,30.04653,33.51,moderate,754
ACCIONES,HD,HD,2026-10-09,291.35501,-5.63095,-15.66516,42.21817,-7.92115,-9.33793,293.70625,316.49845,24.51048,-31.74872,0.95197,23.65194,32.98,lower,754
ACCIONES,CVS,CVS,2026-10-09,87.07,-8.01817,-17.73798,40.92749,-1.93906,-2.27747,88.2085,92.922,26.84361,-22.62519,1.01743,20.20227,32.67,lower,754
ACCIONES,VZ,VZ,2026-10-09,41.515,-17.97076,-5.3897,21.50629,-1.13224,-0.75494,46.99325,48.1227,31.43514,-19.31001,1.25473,0.0,32.26,lower,754
ACCIONES,UAL,UAL,2026-10-09,106.89,-2.668,-10.03282,41.35771,-1.05621,-0.87872,110.49,114.6716,37.57947,-27.49936,1.15899,3.56092,31.85,moderate,754
ACCIONES,BAC,BAC,2026-10-09,54.195,-13.5508,-11.41404,30.86339,-1.8491,-1.80332,55.87225,59.90681,19.88856,-17.93167,0.83799,0.0,30.19,lower,754
ACCIONES,NFLX,NFLX,2026-10-09,70.435,-8.99871,-5.26564,44.17818,-1.92345,-2.07338,71.66975,75.3289,36.1159,-49.92271,0.89441,23.28344,27.88,moderate,754
ACCIONES,NKE,NKE,2026-10-09,34.78,-5.48913,-21.13765,38.65161,-0.99637,-1.05024,35.5005,37.96071,27.17349,-70.48937,0.91995,21.33846,26.18,lower,754
ACCIONES,BA,BA,2026-10-09,190.12,-9.66025,-11.2998,39.79337,-5.61389,-5.85082,195.174,209.7524,34.73524,-32.22083,0.77761,20.3463,25.04,lower,754
ACCIONES,AGNC,AGNC,2026-10-09,8.615,-14.03149,-21.95127,24.71337,-0.44242,-0.3832,9.31244,10.04552,21.23412,-23.35552,0.82619,0.0,24.33,lower,754
ETFs,TAN,TAN,2026-10-09,43.62,-7.48675,-19.49059,41.09222,-1.2355,-1.37503,44.49,47.6702,33.64015,-41.83687,0.73271,19.353,21.83,lower,754
ACCIONES,AAL,AAL,2026-10-09,12.695,-2.42122,-18.6218,38.63331,-0.22665,-0.20717,13.14825,13.8051,41.86523,-45.4448,0.81591,0.0,21.3,moderate,754
ACCIONES,F,F,2026-10-09,12.171,-12.8776,-13.2994,36.02916,-0.43506,-0.42533,12.70655,13.50255,30.77922,-30.09969,0.80418,0.0,21.23,lower,754
ACCIONES,UPST,UPST,2026-10-09,24.1,-5.82259,-21.95596,42.68006,-0.94751,-1.16176,24.2945,27.163,48.61227,-74.30438,0.89491,18.53381,18.93,moderate,754
ACCIONES,LVS,LVS,2026-10-09,36.13,-15.64324,-20.43607,22.80042,-2.00376,-1.9334,38.548,42.6634,24.21612,-47.56442,0.86055,0.0,18.4,lower,754
ACCIONES,RIOT,RIOT,2026-10-09,16.865,-21.44853,-10.38788,31.89445,-0.941,-0.31433,20.99525,20.61,95.50412,-48.56522,0.98855,9.29443,18.15,high,754
ACCIONES,WYNN,WYNN,2026-10-09,75.09,-14.37856,-23.2761,25.49869,-4.27756,-4.27337,80.1215,90.37792,24.96257,-43.25997,0.80113,0.0,16.6,lower,754
ACCIONES,SOFI,SOFI,2026-10-09,15.7759,-8.91513,-8.91513,38.51807,-0.51045,-0.48433,16.36029,17.39292,50.6613,-52.96492,0.81981,0.0,15.5,moderate,754
ACCIONES,FSLR,FSLR,2026-10-09,178.06,-14.81606,-15.98169,39.90312,-7.95401,-8.69846,185.2405,205.0448,50.0722,-45.91987,0.72216,11.78405,15.24,moderate,754
ACCIONES,RIVN,RIVN,2026-10-09,13.965,-12.8821,-18.28555,33.99465,-0.41882,-0.34681,14.94025,15.519,44.03715,-48.6653,0.86069,0.0,13.55,moderate,754
ACCIONES,LCID,LCID,2026-10-09,3.79,-10.18957,-41.33127,32.89945,-0.27612,-0.30961,4.094,5.0621,84.05503,-93.03309,0.85712,7.40493,12.1,high,754
ACCIONES,MARA,MARA,2026-10-09,9.5699,-20.1177,-16.20053,32.60834,-0.3599,-0.03274,11.71199,11.1476,92.34098,-78.33923,0.8148,7.28569,11.5,high,754
ACCIONES,FUBO,FUBO,2026-10-09,8.95,-22.37641,-12.76803,40.3771,-0.38752,-0.34161,9.6395,10.0402,68.95345,-87.65262,0.75157,0.0,7.32,high,754
ACCIONES,BYND,BYND,2026-10-09,7.695,-24.63271,-57.25,27.28858,-1.29586,-1.3115,9.30575,11.9659,90.69145,-97.61148,0.62192,1.93086,6.24,high,754
