category,symbol,last,variation,bid_volume,bid,ask_volume,ask
ACCIONES,ABBV,4882.00,1.64,500,4815.58,100,5092.99
ACCIONES,TSM N,8501.00,-1.95,400,8475.01,600,8528.99
ETFs,VGT,2325.00,-0.75,6000,2322.01,6000,2349.97
ETFs,EWZ,767.22,-1.00,1,761.10,23000,771.99
ETFs,SPY,13978.08,-0.19,1200,13940.83,3,13978.08
ACCIONES,MSFT,9531.40,-0.09,950,9515.65,2,9550.00
ACCIONES,NVDA,4257.15,-1.02,9,4263.00,2400,4279.99
ETFs,QQQ,13626.00,-0.18,200,13616.23,405,13638.33
ACCIONES,PFE,503.99,2.10,14400,502.01,36000,504.99
ETFs,XLK,3650.00,0.26,1800,3600.01,2,3658.00
ACCIONES,AAPL,6052.42,0.96,200,6035.01,300,6061.99
